{"entity":{"description":"","name":"dd","scope":{"bss_account_id":"85bfbad2f18afb22ae95eed230011812"},"stage":{"production":false},"status":{"state":"active"},"storage":{"type":"bmcos_object_storage"}},"metadata":{"created_at":"2021-11-11T06:23:28.011Z","creator_id":"IBMid-2700030XRF","id":"4736ee7c-2896-48ea-b4e4-bf9cffe86f1e","updated_at":"2021-11-11T06:23:48.234Z","url":"/v2/spaces/4736ee7c-2896-48ea-b4e4-bf9cffe86f1e"},"is_encrypted":false,"deployment_source":"cloud","version":"1.0.19.cloud"}
