{"metadata":{"asset_id":"72d95e84-a8f2-40e7-a909-bc77399863dd","asset_attributes":["wml_pipeline"],"name":"discount","asset_type":"wml_pipeline","created_at":"2021-11-11T07:03:18Z","description":"","origin_country":"us","owner_id":"IBMid-2700030XRF","space_id":"4736ee7c-2896-48ea-b4e4-bf9cffe86f1e","sandbox_id":"4736ee7c-2896-48ea-b4e4-bf9cffe86f1e","size":0,"tags":["dsx-project.f7375cf9-9397-496b-a268-2bed6476612b"],"usage":{"last_update_time":1636614198644,"last_updated_at":"2021-11-11T07:03:18Z"}},"entity":{"wml_pipeline":{"document":{"doc_type":"pipeline","pipelines":[{"id":"autoai","nodes":[{"id":"automl","op":"kube","parameters":{"output_logs":true,"input_file_separator":",","stage_flag":true,"optimization":{"compute_pipeline_notebooks_flag":true,"cv_num_folds":3,"daub_adaptive_subsampling_max_mem_usage":15000000000,"holdout_param":0.1,"label":"DISCOUNT","learning_type":"classification","max_num_daub_ensembles":2,"run_cognito_flag":true,"scorer_for_ranking":"accuracy","train_sample_columns_index_list":[0,1,2,3]},"n_parallel_data_connections":15,"one_vs_all_file":true},"runtime_ref":"autoai","type":"execution_node"}],"runtime_ref":"hybrid"}],"primary_pipeline":"autoai","runtimes":[{"app_data":{"wml_data":{"hardware_spec":{"base_id":"a6c4923b-b8e4-444c-9f43-8a7ec3020110","name":"L"}}},"id":"autoai","name":"auto_ai.kb"}],"version":"2.0"},"ml_version":"4.0.0"}}}
