{"metadata":{"asset_id":"7f05f82c-b510-4cd8-a053-2bcdeaa0a39a","asset_attributes":["wml_model"],"name":"discount - P3 LGBM Classifier","asset_type":"wml_model","created_at":"2021-11-11T07:03:31Z","description":"","origin_country":"us","owner_id":"IBMid-2700030XRF","space_id":"4736ee7c-2896-48ea-b4e4-bf9cffe86f1e","sandbox_id":"4736ee7c-2896-48ea-b4e4-bf9cffe86f1e","size":649818,"tags":[],"usage":{"last_update_time":1636614212182,"last_updated_at":"2021-11-11T07:03:32Z"}},"entity":{"wml_model":{"data_asset_dependencies":["3c8f26fb-bb60-400d-8f97-d75211535705"],"hybrid_pipeline_software_specs":[{"base_id":"da9b39c3-758c-5a4f-9cfd-457dd4d8c395","name":"autoai-kb_3.4-py3.8"}],"label_column":"DISCOUNT","pipeline":{"id":"72d95e84-a8f2-40e7-a909-bc77399863dd"},"metrics":[{"context":{"classes":["5","10","15","20","25","30"],"features_importance":[{"computation_type":"","features":{"NewFeature_2_square(SCORE)":0.23,"SCORE":0.78,"GENDER":0,"AGE":0.19,"NewFeature_1_product(SCORE__MONTHLY_PAYMENT)":0.73,"MONTHLY_PAYMENT":1,"NewFeature_3_square(product(SCORE__MONTHLY_PAYMENT))":0.36,"NewFeature_0_product(SCORE__AGE)":0.27},"stage":"Mean"}],"intermediate_model":{"composition_steps":["Split_TrainingHoldout","TrainingDataset_full_818_4","Column Selection","Text_FE","TrainingDataset_full_818_4","Preprocessor_default","DAUB","hpo_d","cognito"],"duration":60326,"location":{"model":"auto_ml/990dec87-252e-45ba-8917-9e2e5e18aa47/wml_data/b922878e-8a04-49ee-afc6-70b49b2baf76/data/automl/cognito_output/Pipeline1/model.pickle","pipeline":"auto_ml/990dec87-252e-45ba-8917-9e2e5e18aa47/wml_data/b922878e-8a04-49ee-afc6-70b49b2baf76/data/automl/cognito_output/Pipeline1/pipeline.json","pipeline_model":"auto_ml/990dec87-252e-45ba-8917-9e2e5e18aa47/wml_data/b922878e-8a04-49ee-afc6-70b49b2baf76/data/automl/cognito_output/Pipeline1/pipeline-model.json"},"name":"P3","notebook_location":"auto_ml/990dec87-252e-45ba-8917-9e2e5e18aa47/wml_data/b922878e-8a04-49ee-afc6-70b49b2baf76/data/automl/cognito_output/Pipeline1/notebook.ipynb","pipeline_nodes":["ColumnSelector","PreprocessingTransformer","autoai_libs.cognito.transforms.transform_utils.product","autoai_libs.cognito.transforms.transform_utils.FS1","autoai_libs.cognito.transforms.transform_utils.square","autoai_libs.cognito.transforms.transform_utils.FS1","LGBMClassifier"],"process":"cognito_output","schema_location":"auto_ml/990dec87-252e-45ba-8917-9e2e5e18aa47/wml_data/b922878e-8a04-49ee-afc6-70b49b2baf76/data/automl/cognito_output/Pipeline1/schema.json"},"multi_class_classification":{"one_vs_all_location":"auto_ml/990dec87-252e-45ba-8917-9e2e5e18aa47/wml_data/b922878e-8a04-49ee-afc6-70b49b2baf76/data/automl/cognito_output/Pipeline1/one_vs_all.json"},"phase":"cognito_output","target_column":"DISCOUNT"},"ml_metrics":{"training_precision_weighted":0.9671334474860012,"holdout_f1_weighted":1,"holdout_f1_macro":1,"holdout_recall_micro":1,"training_precision_macro":0.9602921732303816,"training_recall_micro":0.967010522157581,"training_precision_micro":0.967010522157581,"training_neg_log_loss":-0.23735190247971585,"holdout_recall_macro":1,"holdout_neg_log_loss":-0.00002553719932689876,"training_f1_macro":0.959565501208887,"training_recall_weighted":0.967010522157581,"holdout_precision_macro":1,"holdout_precision_weighted":1,"holdout_recall_weighted":1,"holdout_accuracy":1,"holdout_f1_micro":1,"training_f1_micro":0.967010522157581,"holdout_precision_micro":1,"training_recall_macro":0.9596528346220491,"training_accuracy":0.967010522157581,"training_f1_weighted":0.9668694931063682},"timestamp":"2021-11-11T06:51:00.000Z"}],"ml_version":"4.0.12","type":"wml-hybrid_0.1","schemas":{"input":[{"fields":[{"name":"SCORE","type":"integer"},{"name":"AGE","type":"integer"},{"name":"GENDER","type":"other"},{"name":"MONTHLY_PAYMENT","type":"integer"},{"name":"UPSELL","type":"integer"}],"id":"auto_ai_kb_input_schema"}],"output":[]},"content_location":{"connection":{},"contents":[{"content_format":"pipeline-node","file_name":"P3_automl.zip","location":"auto_ml/990dec87-252e-45ba-8917-9e2e5e18aa47/wml_data/b922878e-8a04-49ee-afc6-70b49b2baf76/assets/b922878e-8a04-49ee-afc6-70b49b2baf76_P3_cognito_output/resources/wml_model/P3_automl.zip","pipeline_node_id":"automl"},{"content_format":"native","file_name":"pipeline_model.json","location":"auto_ml/990dec87-252e-45ba-8917-9e2e5e18aa47/wml_data/b922878e-8a04-49ee-afc6-70b49b2baf76/assets/b922878e-8a04-49ee-afc6-70b49b2baf76_P3_cognito_output/resources/wml_model/pipeline_model.json"}],"location":{"path":"auto_ml/990dec87-252e-45ba-8917-9e2e5e18aa47/wml_data","notebooks_path":"auto_ml/990dec87-252e-45ba-8917-9e2e5e18aa47/wml_data/b922878e-8a04-49ee-afc6-70b49b2baf76/notebooks","training":"auto_ml/990dec87-252e-45ba-8917-9e2e5e18aa47/wml_data/b922878e-8a04-49ee-afc6-70b49b2baf76","training_status":"auto_ml/990dec87-252e-45ba-8917-9e2e5e18aa47/wml_data/b922878e-8a04-49ee-afc6-70b49b2baf76/training-status.json","assets_path":"auto_ml/990dec87-252e-45ba-8917-9e2e5e18aa47/wml_data/b922878e-8a04-49ee-afc6-70b49b2baf76/assets"},"type":"container"},"training_data_references":[{"connection":{},"id":"upsell.csv","location":{"href":"/v2/assets/3c8f26fb-bb60-400d-8f97-d75211535705?project_id=f7375cf9-9397-496b-a268-2bed6476612b","id":"3c8f26fb-bb60-400d-8f97-d75211535705","userfs":"false"},"schema":{"fields":[{"name":"SCORE","type":"integer"},{"name":"AGE","type":"integer"},{"name":"GENDER","type":"other"},{"name":"MONTHLY_PAYMENT","type":"integer"},{"name":"UPSELL","type":"integer"},{"name":"DISCOUNT","type":"integer"}],"id":"auto_ai_kb_input_schema"},"type":"data_asset"}],"software_spec":{"base_id":"8c1a58c6-62b5-4dc4-987a-df751c2756b6","name":"hybrid_0.1"},"content_import_state":"completed"}},"attachments":[{"id":"db3b1c4a-7658-490e-84ac-103a174ae328","version":2,"asset_type":"wml_model","name":"P3_automl.zip","datasource_type":"193a97c1-4475-4a19-b90c-295c4fdc6517","creator_id":"IBMid-2700030XRF","create_time":1636614199199,"size":648167,"is_remote":false,"is_managed":true,"is_referenced":false,"is_object_key_read_only":false,"is_user_provided_path_key":false,"transfer_complete":true,"is_partitioned":false,"complete_time_ticks":1636614122519,"user_data":{"content_format":"pipeline-node","pipeline_node_id":"automl"},"test_doc":0,"handle":{"bucket":"865622a7-e163-4d10-a6c0-2656beeeedf0","location":"us-geo","type":"bluemix_cos","key":"wml_model/P3_automl_zip_cz8s7vvoxj7wmiagt5eqakt9k","upload_id":"done","max_part_num":1},"usage":{"access_count":1,"last_accessor_id":"IBMid-2700030XRF","last_access_time":1636614199199}},{"id":"b814af49-4ff2-4735-bafd-a4b44f4f6fa4","version":2,"asset_type":"wml_model","name":"pipeline_model.json","datasource_type":"193a97c1-4475-4a19-b90c-295c4fdc6517","creator_id":"IBMid-2700030XRF","create_time":1636614206162,"size":1651,"is_remote":false,"is_managed":true,"is_referenced":false,"is_object_key_read_only":false,"is_user_provided_path_key":false,"transfer_complete":true,"is_partitioned":false,"complete_time_ticks":1636614125330,"user_data":{"content_format":"native"},"test_doc":0,"handle":{"bucket":"865622a7-e163-4d10-a6c0-2656beeeedf0","location":"us-geo","type":"bluemix_cos","key":"wml_model/pipeline_model_json_awbufmwdedwz5c123y3kxmqas","upload_id":"done","max_part_num":1},"usage":{"access_count":1,"last_accessor_id":"IBMid-2700030XRF","last_access_time":1636614206162}}]}
