{"metadata":{"asset_id":"6c5b60db-f5e4-4671-9281-f69b3fa6ceb2","asset_attributes":["wml_model"],"name":"upsell - P4 LGBM Classifier","asset_type":"wml_model","created_at":"2021-11-11T07:02:59Z","description":"","origin_country":"us","owner_id":"IBMid-2700030XRF","space_id":"4736ee7c-2896-48ea-b4e4-bf9cffe86f1e","sandbox_id":"4736ee7c-2896-48ea-b4e4-bf9cffe86f1e","size":18531,"tags":[],"usage":{"last_update_time":1636614179346,"last_updated_at":"2021-11-11T07:02:59Z"}},"entity":{"wml_model":{"data_asset_dependencies":["3c8f26fb-bb60-400d-8f97-d75211535705"],"hybrid_pipeline_software_specs":[{"base_id":"da9b39c3-758c-5a4f-9cfd-457dd4d8c395","name":"autoai-kb_3.4-py3.8"}],"label_column":"UPSELL","pipeline":{"id":"8123a8c1-245d-4d6e-b423-a91e436b0429"},"metrics":[{"context":{"classes":["0","1","2","3","4"],"features_importance":[{"computation_type":"","features":{"SCORE":0.08,"AGE":0.29,"MONTHLY_PAYMENT":0.2,"NewFeature_0_sqrt(AGE)":0.01,"NewFeature_3_sum(AGE__sqrt(MONTHLY_PAYMENT))":1,"NewFeature_2_sum(AGE__sqrt(AGE))":0,"NewFeature_1_sum(AGE__sqrt(SCORE))":0.16,"GENDER":0.83},"stage":"Mean"}],"intermediate_model":{"composition_steps":["Split_TrainingHoldout","TrainingDataset_full_818_4","Column Selection","Text_FE","TrainingDataset_full_818_4","Preprocessor_default","DAUB","hpo_d","cognito","hpo_c"],"duration":25625,"location":{"model":"auto_ml/edbadda8-394a-44ff-ad3e-93a1642892f6/wml_data/6f303db5-844f-4a26-a45b-239eede48398/data/automl/hpo_c_output/Pipeline1/model.pickle","pipeline":"auto_ml/edbadda8-394a-44ff-ad3e-93a1642892f6/wml_data/6f303db5-844f-4a26-a45b-239eede48398/data/automl/hpo_c_output/Pipeline1/pipeline.json","pipeline_model":"auto_ml/edbadda8-394a-44ff-ad3e-93a1642892f6/wml_data/6f303db5-844f-4a26-a45b-239eede48398/data/automl/hpo_c_output/Pipeline1/pipeline-model.json"},"name":"P4","notebook_location":"auto_ml/edbadda8-394a-44ff-ad3e-93a1642892f6/wml_data/6f303db5-844f-4a26-a45b-239eede48398/data/automl/hpo_c_output/Pipeline1/notebook.ipynb","pipeline_nodes":["ColumnSelector","PreprocessingTransformer","autoai_libs.cognito.transforms.transform_utils.sqrt","autoai_libs.cognito.transforms.transform_utils.FS1","autoai_libs.cognito.transforms.transform_utils.sum","autoai_libs.cognito.transforms.transform_utils.FS1","LGBMClassifier"],"process":"hpo_c_output","schema_location":"auto_ml/edbadda8-394a-44ff-ad3e-93a1642892f6/wml_data/6f303db5-844f-4a26-a45b-239eede48398/data/automl/hpo_c_output/Pipeline1/schema.json"},"multi_class_classification":{"one_vs_all_location":"auto_ml/edbadda8-394a-44ff-ad3e-93a1642892f6/wml_data/6f303db5-844f-4a26-a45b-239eede48398/data/automl/hpo_c_output/Pipeline1/one_vs_all.json"},"phase":"hpo_c_output","target_column":"UPSELL"},"ml_metrics":{"training_precision_weighted":0.9723190517346256,"holdout_f1_weighted":1,"holdout_f1_macro":1,"holdout_recall_micro":1,"training_precision_macro":0.9459739162459687,"training_recall_micro":0.9706690368455074,"training_precision_micro":0.9706690368455074,"training_neg_log_loss":-0.12196588813142072,"holdout_recall_macro":1,"holdout_neg_log_loss":-0.027652680780122885,"training_f1_macro":0.9335553748018942,"training_recall_weighted":0.9706690368455074,"holdout_precision_macro":1,"holdout_precision_weighted":1,"holdout_recall_weighted":1,"holdout_accuracy":1,"holdout_f1_micro":1,"training_f1_micro":0.9706690368455074,"holdout_precision_micro":1,"training_recall_macro":0.9439997522606219,"training_accuracy":0.9706690368455074,"training_f1_weighted":0.9708491414177652},"timestamp":"2021-11-11T06:50:09.000Z"}],"ml_version":"4.0.12","type":"wml-hybrid_0.1","schemas":{"input":[{"fields":[{"name":"SCORE","type":"integer"},{"name":"AGE","type":"integer"},{"name":"GENDER","type":"other"},{"name":"MONTHLY_PAYMENT","type":"integer"},{"name":"DISCOUNT","type":"integer"}],"id":"auto_ai_kb_input_schema"}],"output":[]},"content_location":{"connection":{},"contents":[{"content_format":"pipeline-node","file_name":"P4_automl.zip","location":"auto_ml/edbadda8-394a-44ff-ad3e-93a1642892f6/wml_data/6f303db5-844f-4a26-a45b-239eede48398/assets/6f303db5-844f-4a26-a45b-239eede48398_P4_hpo_c_output/resources/wml_model/P4_automl.zip","pipeline_node_id":"automl"},{"content_format":"native","file_name":"pipeline_model.json","location":"auto_ml/edbadda8-394a-44ff-ad3e-93a1642892f6/wml_data/6f303db5-844f-4a26-a45b-239eede48398/assets/6f303db5-844f-4a26-a45b-239eede48398_P4_hpo_c_output/resources/wml_model/pipeline_model.json"}],"location":{"path":"auto_ml/edbadda8-394a-44ff-ad3e-93a1642892f6/wml_data","notebooks_path":"auto_ml/edbadda8-394a-44ff-ad3e-93a1642892f6/wml_data/6f303db5-844f-4a26-a45b-239eede48398/notebooks","training":"auto_ml/edbadda8-394a-44ff-ad3e-93a1642892f6/wml_data/6f303db5-844f-4a26-a45b-239eede48398","training_status":"auto_ml/edbadda8-394a-44ff-ad3e-93a1642892f6/wml_data/6f303db5-844f-4a26-a45b-239eede48398/training-status.json","assets_path":"auto_ml/edbadda8-394a-44ff-ad3e-93a1642892f6/wml_data/6f303db5-844f-4a26-a45b-239eede48398/assets"},"type":"container"},"training_data_references":[{"connection":{},"id":"upsell.csv","location":{"href":"/v2/assets/3c8f26fb-bb60-400d-8f97-d75211535705?project_id=f7375cf9-9397-496b-a268-2bed6476612b","id":"3c8f26fb-bb60-400d-8f97-d75211535705","userfs":"false"},"schema":{"fields":[{"name":"SCORE","type":"integer"},{"name":"AGE","type":"integer"},{"name":"GENDER","type":"other"},{"name":"MONTHLY_PAYMENT","type":"integer"},{"name":"DISCOUNT","type":"integer"},{"name":"UPSELL","type":"integer"}],"id":"auto_ai_kb_input_schema"},"type":"data_asset"}],"software_spec":{"base_id":"8c1a58c6-62b5-4dc4-987a-df751c2756b6","name":"hybrid_0.1"},"content_import_state":"completed"}},"attachments":[{"id":"0ac51b45-72c9-4cb9-9291-576eabf902e4","version":2,"asset_type":"wml_model","name":"P4_automl.zip","datasource_type":"193a97c1-4475-4a19-b90c-295c4fdc6517","creator_id":"IBMid-2700030XRF","create_time":1636614167137,"size":16884,"is_remote":false,"is_managed":true,"is_referenced":false,"is_object_key_read_only":false,"is_user_provided_path_key":false,"transfer_complete":true,"is_partitioned":false,"complete_time_ticks":1636614139908,"user_data":{"content_format":"pipeline-node","pipeline_node_id":"automl"},"test_doc":0,"handle":{"bucket":"865622a7-e163-4d10-a6c0-2656beeeedf0","location":"us-geo","type":"bluemix_cos","key":"wml_model/P4_automl_zip_myc6u2xn05facy7z8lbh45pg","upload_id":"done","max_part_num":1},"usage":{"access_count":1,"last_accessor_id":"IBMid-2700030XRF","last_access_time":1636614167137}},{"id":"7b014f27-7cc7-49dc-acb7-74156b68f3b7","version":2,"asset_type":"wml_model","name":"pipeline_model.json","datasource_type":"193a97c1-4475-4a19-b90c-295c4fdc6517","creator_id":"IBMid-2700030XRF","create_time":1636614173542,"size":1647,"is_remote":false,"is_managed":true,"is_referenced":false,"is_object_key_read_only":false,"is_user_provided_path_key":false,"transfer_complete":true,"is_partitioned":false,"complete_time_ticks":1636614142722,"user_data":{"content_format":"native"},"test_doc":0,"handle":{"bucket":"865622a7-e163-4d10-a6c0-2656beeeedf0","location":"us-geo","type":"bluemix_cos","key":"wml_model/pipeline_model_json_7a5qce6dtqapj68jd0eyygqev","upload_id":"done","max_part_num":1},"usage":{"access_count":1,"last_accessor_id":"IBMid-2700030XRF","last_access_time":1636614173542}}]}
